Date,prediction_KSP2_Close,prediction_KSP2_CD_Close,prediction_KSP2_CS_Close,prediction_KSP2_CT_Close,prediction_KSP2_EN_Close,prediction_KSP2_FN_Close,prediction_KSP2_HI_Close,prediction_KSP2_IT_Close,prediction_KSP2_MT_Close
2014-03-30,264.921361,2030.443275,1032.593074,420.3829801,1079.036838,776.9058101,689.4879083,1328.126982,930.7128591
2014-04-06,271.7195342,2077.961922,1040.228873,459.5115471,1122.918874,796.5785527,719.0576975,1346.754408,955.1061916
2014-04-13,272.9454211,2076.932014,1038.102206,447.6983339,1129.644762,785.1194828,699.9637799,1372.29859,952.6740145
2014-04-20,274.5934786,2061.402639,1057.386265,442.8490321,1150.266303,793.1921339,715.5697491,1362.638851,1033.266261
2014-04-27,276.703709,2077.630744,1054.671431,446.3939118,1149.222627,786.3471173,712.0992803,1376.907241,1002.842735
2014-05-04,274.132885,2051.314363,1043.639213,414.907846,1120.811409,763.921041,702.8513002,1381.022093,958.7808564
2014-05-11,271.075261,2024.48149,1068.886298,415.0863754,1102.858139,760.7952373,686.9428265,1360.00079,997.0041846
2014-05-18,271.1970708,2037.442952,1073.256585,420.9890425,1065.060785,761.2429274,706.7778108,1368.298692,992.4312129
2014-05-25,280.0925298,2062.334685,1082.805194,441.5110549,1109.205366,784.3121466,779.1209095,1411.188903,1022.118285
2014-06-01,280.8762521,2021.750561,1086.833545,430.5598951,1125.961341,772.2786103,814.0350656,1412.5336,1030.541975
2014-06-08,277.8417728,2000.329803,1067.263739,414.0021517,1090.389,755.8903715,804.352721,1420.46203,976.8018374
2014-06-15,276.3484112,1991.011938,1063.116047,392.4108306,1080.962639,752.9441145,719.882814,1432.426266,956.0295917
2014-06-22,276.5050579,2020.560516,1071.464213,429.3563649,1122.124129,757.8562868,708.0871064,1407.474729,973.6506139
2014-06-29,274.8261932,1995.586879,1082.064508,432.4322185,1116.004925,739.7334621,722.4031591,1384.54651,969.7647634
2014-07-06,278.9005339,2028.232763,1078.472973,447.2452954,1153.914275,740.2519403,700.6916138,1388.755738,1008.404528
2014-07-13,279.0302325,2029.586292,1096.174003,457.6998682,1103.101199,736.1667267,712.0089905,1405.381111,1022.245681
2014-07-20,280.2256689,2020.808274,1099.7037,445.3558206,1075.464247,727.3122003,687.0579937,1384.531426,999.8670771
2014-07-27,285.0342722,2046.643104,1093.355856,447.4833277,1102.004291,722.9379771,671.2598812,1419.946122,1002.843821
2014-08-03,287.6057032,2065.799017,1094.175768,472.5950806,1112.096754,728.5248046,682.0313311,1414.295956,1065.152359
2014-08-10,293.0186955,2133.765116,1144.7337,473.8061755,1129.807719,750.7824499,668.5951089,1388.580851,1086.016809
2014-08-17,287.0139956,2082.683211,1151.752966,442.9105432,1100.777129,743.6891325,672.7137647,1366.309752,1057.022203
2014-08-24,290.3413082,2111.219676,1158.033314,452.8721196,1129.618537,752.4347378,702.1647595,1373.659723,1081.080474
2014-08-31,289.9492304,2144.809612,1165.148972,428.309864,1096.00569,748.2917173,655.4823334,1371.342167,1092.113328
2014-09-07,292.7165207,2172.723917,1171.738712,447.9588273,1090.964358,753.3558148,684.7072399,1365.686345,1063.80944
2014-09-14,290.3976736,2116.447104,1179.518584,447.6762035,1074.226544,760.6689968,638.115634,1341.068578,1082.376972
2014-09-21,290.0182142,2190.201096,1170.02512,592.575654,991.9588759,759.2937139,616.6180125,1359.116661,1113.758628
2014-09-28,289.2917554,2132.669864,1196.078956,601.8468447,1003.993588,757.4211033,630.0095083,1370.930903,1099.861123
2014-10-05,289.5665887,2111.056154,1202.173707,589.9965474,960.9399669,746.5613694,631.2905797,1370.479069,1039.693503
2014-10-12,281.8169775,2066.467055,1216.285643,563.3621899,881.1293521,740.2780548,543.6206413,1343.426279,971.8815929
2014-10-19,279.5873749,2074.209681,1209.744167,556.5177512,859.7574513,740.5440818,525.2907193,1315.903958,930.3091702
2014-10-26,275.3205549,2000.14208,1202.369466,532.9904188,847.7829984,736.0789311,535.7895702,1304.509006,950.6917262
2014-11-02,278.9190923,2057.257189,1211.401854,534.3618357,808.9172833,735.5937507,522.6602705,1328.931982,863.9349172
2014-11-09,284.9910276,2048.083952,1204.866784,538.8724462,852.9708466,750.2010449,582.9008738,1390.594472,848.1520623
2014-11-16,279.8288716,1999.558237,1227.95561,541.0680784,796.917356,751.2612475,522.5846241,1377.397848,836.1709917
2014-11-23,278.9530828,2047.888041,1226.608357,537.5236547,823.3711579,748.566168,547.9317626,1381.114477,823.5415253
2014-11-30,281.2375624,2020.415963,1238.239566,527.8836205,849.3721596,755.2732914,573.20972,1395.909209,836.9073254
2014-12-07,284.3512887,1995.605411,1244.201378,525.8909577,834.9726183,754.941322,566.8820342,1426.222007,837.9338878
2014-12-14,281.0238835,2026.087032,1264.738234,510.8120107,815.476856,753.4482792,494.2211418,1432.167095,852.2397879
2014-12-21,275.3873652,1971.74363,1238.044546,474.4819272,760.5894409,746.1838889,477.745511,1415.139162,807.4103951
2014-12-28,275.4716946,1941.616634,1247.610036,476.3735584,782.6372242,742.4074135,490.8536425,1437.688124,807.5051557
2015-01-04,276.366616,1969.471219,1243.824892,484.0728968,782.1687076,746.5661294,475.9201953,1444.369656,815.6178162
2015-01-11,270.8985864,1930.555731,1230.56069,465.4669987,732.3086021,718.6939232,450.4658664,1421.132579,790.2404853
2015-01-18,271.0560936,1956.080897,1216.981034,463.0182994,729.1816911,723.6418802,432.9491836,1423.554213,812.6002475
2015-01-25,268.4323157,1941.724124,1216.012644,442.4569051,723.2609672,710.288364,394.4101869,1421.091028,792.0399236
2015-02-01,274.2012777,1938.4499,1239.776113,458.7699427,787.7180131,723.8027063,405.6156884,1451.773296,804.2765431
2015-02-08,273.0949187,1944.12181,1250.699116,484.8356489,820.8733755,719.4217839,455.3700332,1437.415421,771.4926977
2015-02-15,272.2452164,1917.745734,1243.518732,500.7633702,846.8940409,716.2159908,456.459185,1432.902845,784.7858034
2015-02-22,271.8751471,1902.73339,1265.822891,498.0692298,870.0457076,711.5241581,452.1872288,1426.197764,814.9642418
2015-03-01,271.4329296,1919.522569,1267.299582,507.4135914,876.7899238,709.6244986,452.7228157,1429.483068,820.4937552
2015-03-08,271.942778,1921.96952,1265.942594,539.7181725,915.3636508,712.4016144,459.7729122,1421.352206,824.3870646
2015-03-15,272.6003614,1974.877143,1254.040902,535.825539,926.3570389,706.2971947,437.1212669,1450.169373,809.8593267
2015-03-22,273.2279576,2149.013095,1256.807171,503.353868,915.1758227,702.2506938,426.4163923,1492.132953,902.9770027
2015-03-29,275.9285789,2176.467937,1292.91272,510.1057889,927.3131138,711.98892,438.7571708,1509.452668,894.9660488
2015-04-05,272.4304179,2117.65768,1298.869076,506.8069036,927.6105816,708.7574871,434.0362906,1488.492913,904.8125414
2015-04-12,272.2053906,2116.635571,1300.711639,505.3105757,944.7284924,712.7890101,435.8105923,1489.841641,901.0922906
2015-04-19,274.1141747,2128.706368,1307.633353,514.2282978,986.0575086,713.4817717,449.901814,1514.741984,1033.600193
2015-04-26,278.0647246,2210.635545,1341.10494,535.5069149,993.7264518,727.8900281,497.7731022,1514.95215,895.5208691
2015-05-03,279.13503,2288.849589,1346.273109,520.1025276,1035.257031,735.9129271,495.709899,1519.073248,907.8951286
2015-05-10,275.0409199,2220.315245,1344.634336,514.1809965,1014.337694,728.8181801,456.1933975,1523.439668,904.8466488
2015-05-17,270.8210116,2208.771602,1322.384516,502.0939932,993.9720067,725.4132759,447.3508333,1495.916007,913.6490392
2015-05-24,270.64862,2212.547464,1360.237057,499.0701875,1002.668963,728.8385026,448.791614,1495.407256,835.8162958
2015-05-31,273.1456189,2233.105446,1382.723295,499.8900092,1017.796565,732.2342582,457.9933818,1522.254235,842.0948436
2015-06-07,269.9563887,2231.178425,1347.646846,496.9469876,991.2039192,724.77687,448.3664883,1523.552018,833.1427953
2015-06-14,266.7511736,2112.672575,1320.889364,502.170447,1002.925501,714.5118484,443.505653,1522.488078,799.6136313
2015-06-21,266.1456694,2163.982951,1329.678389,490.0842798,1015.335904,716.3026085,439.5014686,1487.06315,800.6480764
2015-06-28,265.716322,2115.988591,1351.67857,476.2153595,1042.154583,711.3042605,437.7482535,1480.820719,779.7573665
2015-07-05,267.7239986,2156.035723,1370.65697,484.3868741,1038.542255,722.9120324,441.1791099,1489.641542,798.9370498
2015-07-12,268.4165829,2190.186627,1389.872971,488.7175789,1036.219868,718.5804269,438.6287397,1486.54576,771.7504142
2015-07-19,264.8051507,2133.397489,1364.175694,476.5775736,1018.545879,710.9851227,437.0043922,1478.396029,765.7518221
2015-07-26,266.5743257,2135.943333,1358.405409,465.321318,1034.384253,713.3542515,400.4894212,1525.995303,838.1064955
2015-08-02,264.2062706,2198.832854,1361.395325,431.7856601,1021.006657,707.6022136,396.7290933,1471.539102,814.714353
2015-08-09,264.6462024,2257.468019,1382.862431,425.8333227,1017.957115,721.1904373,39.09860018,1429.557243,811.4309861
2015-08-16,261.471263,2209.739848,1416.129187,416.5638977,958.5692976,718.3869636,-553.0683482,1377.688724,793.5922598
2015-08-23,260.1400592,2225.145918,1401.417157,411.5521231,954.9774452,712.6327218,-424.6865283,1391.535178,791.5544643
2015-08-30,255.8267286,2184.80641,1374.785617,408.6436804,932.0101357,710.6341053,50.52989952,1355.835462,761.0736171
2015-09-06,257.9780936,2256.158032,1400.522862,428.099949,950.5074478,708.8067021,30.17015036,1379.341171,781.3211356
2015-09-13,255.1014593,2224.906932,1348.841357,431.1252759,927.1328598,695.5000091,873.9678465,1402.982883,767.1927348
2015-09-20,257.760139,2275.079318,1381.163878,430.7198879,942.1714882,699.5065988,1635.693451,1424.227779,968.4033867
2015-09-27,261.7294563,2382.156722,1389.564424,427.6407086,966.4209334,703.8886978,1686.323967,1503.21337,1020.548325
2015-10-04,257.8814343,2345.374974,1378.595903,429.8171903,953.1732198,697.2919631,1809.447687,1440.357742,974.6847437
2015-10-11,259.3607522,2389.033767,1379.20529,433.6916272,964.9986949,701.1241428,459.6435161,1475.153052,966.6876197
2015-10-18,262.7799817,2377.150119,1369.791315,428.3691475,985.9643602,701.9632589,480.863664,1588.418242,979.0580919
2015-10-25,263.3200858,2372.047383,1377.568237,425.2465354,985.9365517,712.8494958,508.1041712,1586.487413,980.0085987
2015-11-01,263.8873514,2382.815327,1367.897698,410.1970531,992.4479861,724.0480886,568.4509054,1605.563489,929.233751
2015-11-08,260.2404598,2139.622723,1351.819568,418.840017,1006.790196,720.6140279,10297.53788,1635.924994,904.3714631
2015-11-15,263.6678909,2402.041371,1347.307794,430.3182036,1011.616158,720.2000421,450.8822847,1619.624676,902.2206556
2015-11-22,260.0890229,2356.148418,1316.619596,440.7738375,986.5520508,714.7414271,448.298835,1586.678527,875.7315734
2015-11-29,261.5966302,2360.953137,1326.54936,433.9085761,1019.751,708.451531,602.194924,1596.253975,876.253361
2015-12-06,263.2611856,2368.077966,1341.900084,429.3129188,1028.103581,711.5107126,677.3089946,1634.433152,813.4598901
2015-12-13,259.6943751,2356.723355,1316.570021,445.0579274,1012.264553,700.3554858,323.2998946,1602.899977,816.5656663
2015-12-20,258.6283107,2331.468016,1317.431759,447.103674,1009.211225,697.4384802,305.3942811,1615.203357,816.7822921
2015-12-27,259.6439873,2431.354135,1330.463585,442.4899813,1026.059927,699.4245788,299.7798012,1612.469102,821.1916017
2016-01-03,260.9473211,2422.785259,1339.885619,436.9021659,1039.183741,700.1293997,298.6200197,1628.554218,850.2192266
2016-01-10,258.1532929,2368.840833,1333.666223,435.9400889,1028.902713,688.3948597,280.9185319,1612.784394,835.6302665
2016-01-17,251.7604259,2309.097771,1336.896462,437.7190013,1032.213274,664.7018718,242.6484583,1559.686684,833.1645171
2016-01-24,249.1641182,2377.710015,1321.591572,429.8414836,1011.521657,652.7997771,240.2515994,1550.34416,835.6637906
2016-01-31,249.3690806,2417.143288,1315.790221,424.4279263,1005.40336,641.5101129,248.7338627,1573.39525,842.4116079
2016-02-07,251.3553719,2522.521405,1350.85883,412.9109028,1010.218103,658.0256844,245.2495315,1609.254982,884.0252717
2016-02-14,251.7402626,2491.32345,1344.023119,408.5363209,1035.793484,663.6758033,243.7334015,1620.558414,896.4150408
2016-02-21,245.7977098,2430.433737,1313.620775,409.5847739,986.0197673,646.8562991,236.2468454,1593.783818,888.3496966
2016-02-28,252.0741905,2500.881725,1328.086547,401.7209463,1035.251814,654.562473,237.2623433,1635.731769,914.5984232
2016-03-06,252.4357839,2486.682063,1347.56096,394.8729954,1044.035719,652.988511,236.2350431,1634.568981,919.3517721
2016-03-13,255.4895124,2442.65365,1331.72459,386.4680972,1061.456947,666.4757144,268.3887687,1651.9405,939.7496082
2016-03-20,259.3009776,2423.573436,1334.649179,380.8543614,1073.035862,664.4302029,268.1482721,1667.54662,962.7015179
2016-03-27,261.6128654,2326.90325,1362.693419,369.9559374,1096.101875,672.9122363,252.6684777,1673.154195,963.0475428
2016-04-03,259.7501855,2296.827569,1354.097736,368.9271792,1114.331336,666.4265986,224.2147595,1676.236249,935.8897005
2016-04-10,258.7507951,2217.485619,1355.898288,363.2406245,1123.316458,666.2399345,210.9567638,1655.356415,935.5343208
2016-04-17,258.578178,2184.347938,1377.224618,361.4741726,1129.217805,658.2580997,212.7546485,1635.036581,951.5738873
2016-04-24,262.6431316,2193.211642,1376.89226,362.5127275,1137.733595,677.7095612,232.7707688,1656.631056,978.0331969
2016-05-01,262.1093198,2157.912276,1404.383902,361.9734757,1117.785828,682.6227749,210.1825127,1645.43144,963.3877982
2016-05-08,259.9478616,2134.52417,1417.78493,359.8154609,1097.044968,669.2909003,196.4868493,1614.191906,951.8569472
2016-05-15,258.2514857,2091.187018,1439.423154,359.8590344,1085.602178,650.6691061,184.0323786,1612.671854,917.0247084
2016-05-22,256.7554527,2072.376136,1461.480815,353.3145426,1085.349792,644.815085,183.5474315,1597.688128,895.3293857
2016-05-29,255.1829342,2041.975417,1446.508689,353.9282866,1071.206835,643.8219709,181.5869859,1602.796705,892.2520528
2016-06-05,256.66971,2026.848623,1450.851341,354.2717174,1098.596997,642.3111655,185.585429,1609.436433,896.1191169
2016-06-12,257.6340614,2007.822529,1456.712847,350.4586775,1073.495334,643.020522,191.5702331,1617.974383,884.8490384
2016-06-19,260.8285549,1995.081524,1487.006636,349.0762658,1256.837849,651.8769839,213.4639284,1608.783686,906.8494819
2016-06-26,256.5066191,1973.284021,1458.268615,347.6744974,1226.775526,634.4487472,218.2864768,1596.802374,891.1526959
2016-07-03,254.9446683,1951.873693,1458.1359,345.7998239,1203.333901,634.4718687,362.3506414,1579.434411,890.8943253
2016-07-10,258.5952989,1938.179594,1502.69731,339.5036519,1222.857299,634.6476687,362.630972,1597.383823,901.1669843
2016-07-17,258.2889647,1924.985609,1488.510245,332.1354982,1220.516375,620.6663223,360.9861645,1570.368992,905.6081105
2016-07-24,261.9887196,1909.759094,1494.143621,328.0076444,1252.656542,643.4503572,364.1286667,1594.920633,927.5888563
2016-07-31,261.7471887,1899.50657,1507.843872,324.3245138,1240.725995,644.2113712,370.6956468,1585.817947,921.3012131
2016-08-07,262.7438799,1891.401834,1482.277647,314.3833197,1259.506946,651.18869,381.4398301,1580.249016,924.5040811
2016-08-14,263.6312414,1887.621788,1468.750255,309.6801324,1272.748547,654.3392683,387.739483,1593.53585,920.3340373
2016-08-21,264.8237521,1873.318907,1491.459245,332.3330889,1297.518755,663.7606973,385.9691911,1588.745034,914.3759669
2016-08-28,265.923856,1878.304165,1459.505196,330.5072384,1304.126755,658.3264092,389.1518578,1652.852296,906.9375414
2016-09-04,265.0870467,1870.692486,1466.699885,324.0703337,1300.391534,657.1840461,391.2409544,1612.853325,909.0589809
2016-09-11,265.3995677,1869.277362,1465.982599,317.9430596,1305.621207,674.7332565,394.6891753,1593.257299,910.4694228
2016-09-18,265.2325492,1858.374352,1467.961641,317.3936514,1306.594811,683.8366983,393.6894723,1582.093583,912.2966931
2016-09-25,262.4885914,1854.671408,1454.099504,314.0038491,1301.23146,672.8959993,389.2021267,1543.698576,900.1121203
2016-10-02,265.6784504,1839.127678,1490.159001,314.2488056,1319.885103,679.6033431,389.7806242,1563.847691,897.4858397
2016-10-09,264.8834003,1844.978245,1469.178369,310.8749009,1324.555641,672.4350617,390.3854038,1568.9708,890.9215441
2016-10-16,265.5621499,1833.108312,1433.416946,304.2241665,1318.804785,674.8721112,389.8467373,1606.491009,877.03117
2016-10-23,262.9345654,1832.110211,1431.481114,304.3263126,1326.085159,684.0302096,392.1249251,1550.647826,874.7743158
2016-10-30,266.2924519,1832.186408,1429.646747,300.0707088,1341.155101,731.8304834,392.3449333,1546.348413,885.8734996
2016-11-06,266.3144606,1812.973369,1408.242016,301.5099889,1329.765747,732.253868,390.1205831,1555.030559,878.3020579
2016-11-13,265.3471274,1837.497506,1378.089353,288.2871203,1344.816903,727.5969012,389.1295053,1544.324818,881.8806029
2016-11-20,265.0230154,1853.912785,1364.85656,292.0661976,1354.132523,748.0305321,387.2792773,1523.918599,897.9020437
2016-11-27,264.3512402,1863.943407,1351.258405,286.9126516,1362.875825,737.7686688,385.1252942,1525.244851,898.9256928
2016-12-04,263.9556746,1855.013092,1321.149419,281.0090792,1365.129233,737.3217364,383.8108972,1547.314351,896.8305135
2016-12-11,266.0497332,1865.953632,1302.408226,274.901911,1382.703195,733.4118138,383.7819397,1576.070545,883.8164567
2016-12-18,270.3863942,1840.027717,1326.909749,271.3413007,1410.90511,746.3597322,381.4582526,1612.307507,916.6079225
2016-12-25,271.9297042,1838.176824,1342.62263,271.5441692,1420.788695,749.941661,373.4454033,1629.319396,903.4822219
2017-01-01,279.1962445,1826.783218,1334.32201,270.1440092,1444.507319,736.6496507,401.7698897,1635.826391,906.4227889
2017-01-08,284.2524445,1825.697187,1318.979288,268.3246798,1476.813139,721.7679367,400.4358591,1653.712123,897.1407508
2017-01-15,276.406015,1811.084828,1312.198184,282.53206,1488.454994,683.6889042,381.0158614,1685.678507,893.2269971
2017-01-22,282.6080875,1809.978633,1314.990887,281.8469979,1524.423597,685.3770126,379.8054317,1749.505546,922.0080275
2017-01-29,283.5205791,1813.204406,1315.326784,278.2994771,1532.423178,711.2739977,379.0167094,1749.532088,920.2786091
2017-02-05,287.4155741,1825.502787,1303.724414,280.5995521,1556.209174,709.2910905,378.1445517,1834.824985,925.0785628
2017-02-12,291.0303005,1836.114123,1286.987931,284.7802235,1576.377655,705.1454038,374.4419408,1858.479912,913.2232787
2017-02-19,292.1326986,1821.814941,1287.109722,283.8360763,1633.112509,717.7066628,374.3846607,1844.522469,913.1762834
2017-02-26,292.276035,1804.383974,1291.217383,282.367739,1656.192164,706.1156737,368.6530361,1847.421217,924.716779
2017-03-05,293.0840084,1794.445878,1321.718633,282.2600835,1668.170383,704.0408748,366.2717406,1858.604099,915.9157562
2017-03-12,295.0431021,1830.239587,1268.562284,284.2184235,1696.733536,704.0731169,366.4393824,1882.229836,917.513811
2017-03-19,297.2615105,1821.197894,1283.963679,282.9880987,1706.286094,708.7565318,364.4664855,1904.642519,909.9211929
2017-03-26,300.7171395,1794.947187,1300.868,283.8895741,1720.139231,737.300687,364.1335059,1954.81198,919.8278736
2017-04-02,305.3177288,1776.090418,1325.189596,283.3199539,1717.530918,724.1039273,362.4112038,1992.238794,901.8255072
2017-04-09,308.2793082,1777.657345,1312.8789,279.0138037,1722.257671,710.1294103,361.9235133,2023.9506,898.6873283
2017-04-16,311.6592017,1796.244342,1319.066261,276.883862,1709.387571,710.4410324,361.8805202,2071.045024,877.6093792
2017-04-23,312.506696,1781.427427,1299.887678,275.1352359,1676.86632,704.5820773,362.0412135,2102.671428,866.4680271
2017-04-30,314.9789726,1757.686092,1357.824368,275.1891328,1679.178119,711.751195,359.2473643,2114.024124,859.1263773
2017-05-07,323.6561613,1761.95977,1337.016948,262.1386228,1700.684595,717.5263029,359.4506294,2250.762652,855.4530828
2017-05-14,321.5432207,1748.817798,1350.145606,261.2668862,1659.761469,735.2835275,359.1486387,2279.493522,848.0753039
2017-05-21,318.987738,1720.467991,1372.555439,265.5964183,1632.181764,752.305251,363.2234765,2294.056358,847.2220749
2017-05-28,319.0364462,1688.03386,1390.716341,266.8583042,1628.252324,743.9332028,365.8603347,2288.651118,841.2262525
2017-06-04,317.401476,1681.163959,1409.743743,276.0722414,1629.807525,756.8452261,360.6474352,2284.057424,859.9366545
2017-06-11,317.845379,1682.483293,1400.745858,273.3560727,1619.097384,756.5469819,377.3149925,2299.132655,850.8064108
2017-06-18,316.4788913,1681.233151,1403.735521,263.2220718,1595.6681,758.5293401,376.3408161,2360.551856,854.8617589
2017-06-25,314.5080321,1681.895351,1386.065827,262.3403148,1561.428871,755.645286,373.8141923,2360.49812,851.4905378
2017-07-02,314.4275719,1682.587461,1371.273018,261.4137085,1536.900507,748.0431306,355.6260349,2398.330009,846.8575206
2017-07-09,313.8814104,1679.359071,1354.352857,264.9559556,1530.377556,763.2640302,357.5110561,2404.792619,870.0402413
2017-07-16,314.1457146,1683.805882,1298.929778,264.6375679,1514.711275,763.7353319,355.8693713,2440.497262,878.0168323
2017-07-23,314.6534083,1666.777219,1317.716584,264.1091612,1515.647373,774.0711994,354.7847959,2531.185515,892.1232164
2017-07-30,312.825809,1653.71124,1342.345015,272.8422072,1516.423686,800.8730572,355.7929926,2528.629946,891.2140086
2017-08-06,310.8071183,1622.133559,1363.757965,265.5145692,1503.842291,798.0276404,356.7653848,2511.31768,898.6685139
2017-08-13,310.6433438,1620.680399,1333.978065,257.4377573,1521.160425,797.2287123,368.9500825,2510.978988,902.0042337
2017-08-20,306.6404614,1608.444704,1311.478083,254.0393774,1511.57148,780.7049863,368.9232759,2412.891982,880.7490078
2017-08-27,305.1924484,1605.511843,1312.945748,254.3957586,1519.893722,780.7177128,354.1268269,2446.121035,893.5465674
2017-09-03,306.0819955,1608.078962,1320.806235,256.2569363,1527.607094,787.7197868,363.8906511,2467.484486,890.1687702
2017-09-10,305.2054154,1608.574987,1301.910615,257.5233916,1550.210976,765.6175072,361.6765225,2474.45627,896.2169631
2017-09-17,305.1688658,1603.345518,1256.147461,252.7907587,1541.004959,756.4309525,362.9965134,2517.280745,886.9274447
2017-09-24,305.8485606,1604.697731,1254.849701,251.0114519,1547.068521,765.8187309,367.196453,2576.329912,862.3481741
2017-10-01,305.1519024,1598.536715,1224.408375,247.7718261,1532.108128,770.8914483,368.2723886,2633.909541,853.7100989
2017-10-08,303.3003764,1596.249631,1249.778322,248.8478744,1553.808791,766.8561368,367.2921487,2626.470917,865.0792396
2017-10-15,301.166132,1582.335421,1253.447671,248.6530292,1543.94088,761.5180979,366.8743347,2657.22678,866.5430467
2017-10-22,303.7132138,1587.11168,1290.08779,251.0702452,1551.961372,778.7398591,361.8780891,2787.541741,883.0632053
2017-10-29,304.7264547,1567.135676,1317.347184,255.1586868,1542.243665,776.8181112,361.4124209,2830.938261,896.3305503
2017-11-05,306.3738185,1554.857085,1350.854841,256.6044759,1536.60803,785.7906331,360.3728918,2840.332004,895.7421204
2017-11-12,310.6885465,1560.020003,1375.10338,253.1767978,1540.871972,787.9625346,361.3645661,2982.088028,884.8859776
2017-11-19,310.8092144,1533.55269,1386.854597,257.2075203,1525.353226,768.0359908,358.0632391,3001.727932,882.5053056
2017-11-26,309.5018124,1493.772447,1381.20823,250.6953977,1498.23161,770.0643387,357.1377404,3002.267217,870.1716985
2017-12-03,309.9313942,1491.02828,1393.902472,249.3920396,1501.093197,769.7233876,356.7522708,3014.564488,874.9957105
2017-12-10,310.7466633,1517.277679,1399.693753,249.6951771,1490.785322,761.8661542,345.5865366,2966.958586,884.5731073
2017-12-17,311.8830271,1502.236667,1372.941976,248.3427768,1474.137825,770.7346987,337.4355042,2981.406253,880.4552285
2017-12-24,314.2848282,1500.930356,1396.971851,251.3264814,1470.629773,786.4971057,336.1537562,2980.90273,888.7210961
2017-12-31,313.5906686,1472.360351,1368.722084,247.5691879,1455.338501,788.3939838,335.0742066,2914.407636,888.9011767
2018-01-07,315.9286422,1476.341201,1356.769174,247.7106613,1454.949018,790.9468717,331.1055409,2888.227616,890.7424106
2018-01-14,315.1192999,1458.235112,1297.990175,250.9076204,1457.167122,782.135714,331.0259984,2885.721032,912.5126388
2018-01-21,315.4905902,1439.779719,1317.969417,256.3290474,1435.010353,813.4524169,329.2887855,2800.476798,937.3350512
2018-01-28,317.0891139,1450.736007,1341.778411,255.2232224,1418.684169,822.0970635,329.9896689,2780.459458,933.7853533
2018-02-04,319.413876,1396.679576,1348.753768,261.2385132,1419.614557,822.7953862,330.5776764,2781.966662,939.7644458
2018-02-11,318.917843,1422.104234,1314.107616,263.2190222,1411.551431,829.0606909,333.3700701,2686.057615,924.4368488
2018-02-18,311.8946068,1369.661399,1231.323072,252.1252513,1384.45234,790.6806305,332.3343575,2599.940891,896.1549944
2018-02-25,311.9354503,1357.507564,1246.635571,253.092462,1388.632291,803.4687618,317.6632224,2644.17917,906.9941517
2018-03-04,314.7661875,1379.277334,1305.4776,258.7526515,1402.910775,815.6646649,316.6736059,2677.539695,910.8118325
2018-03-11,311.5424399,1372.623686,1268.660709,249.7291142,1396.575511,798.1689959,318.2966333,2573.271166,895.6862234
2018-03-18,320.7638753,1381.395722,1302.012921,257.4442593,1397.524834,796.1189979,315.7531496,2631.976718,894.6267383
2018-03-25,323.52822,1381.978504,1312.056927,257.1120003,1400.687635,801.520599,315.3856671,2655.71612,892.8517475
2018-04-01,318.7858737,1352.457194,1260.406768,252.6681228,1390.975687,796.833805,313.7587166,2600.549083,880.6181844
2018-04-08,320.610671,1352.74278,1318.845866,260.7115366,1395.573559,800.8343081,313.2004595,2573.003329,890.3441649
2018-04-15,319.9525573,1422.541649,1355.283813,260.2276851,1398.735965,792.4668349,315.6824442,2539.454044,885.7491107
2018-04-22,321.6921757,1429.669191,1355.656968,262.1573542,1401.555124,810.3176052,315.6974265,2558.779796,899.8865901
2018-04-29,323.1946909,1449.549076,1378.256215,274.3906817,1412.572233,814.2991144,312.7592794,2579.83305,917.1876593
2018-05-06,327.0151822,1462.587373,1396.296932,269.1458161,1399.51909,840.0989426,312.4639385,2644.571708,926.3377308
2018-05-13,325.6778675,1461.752679,1415.771394,286.8014011,1396.862148,839.7379317,311.4327852,2632.813506,942.033481
2018-05-20,327.3360873,1480.351273,1399.526851,285.1615308,1409.22063,851.5921957,309.4543916,2639.892475,944.8681843
2018-05-27,326.6303012,1491.294116,1398.990038,296.2528177,1414.055817,845.133115,310.6730925,2622.901093,951.8996732
2018-06-03,327.0399716,1441.825775,1384.527895,284.3086584,1401.173222,832.7978418,308.7051467,2663.592161,950.5989219
2018-06-10,326.2163235,1435.521779,1377.830538,292.9784915,1393.253292,824.248008,311.6484178,2646.234776,945.4888365
2018-06-17,327.9956289,1455.826485,1434.438108,293.073939,1424.180037,853.028501,309.9600544,2617.087047,954.295396
2018-06-24,321.794664,1361.37359,1423.232244,287.2777198,1420.872239,848.235665,325.4696119,2557.97267,959.0119058
2018-07-01,322.0013481,1333.727355,1432.81083,282.7863496,1403.843745,839.0676422,327.7955201,2538.294314,955.919936
2018-07-08,318.3701146,1309.73466,1418.37193,277.8944949,1400.562061,825.9247009,327.6079364,2498.012109,947.5632164
2018-07-15,314.0448396,1284.970363,1397.599454,277.6206051,1355.724268,835.5712931,326.7808219,2485.109835,951.0116888
2018-07-22,315.1086772,1289.164675,1410.924768,277.4663953,1367.832867,837.8370822,326.2869134,2506.397184,959.7917652
2018-07-29,314.1767588,1306.069217,1350.442048,273.1653985,1366.977554,828.0386125,325.7888885,2515.891153,958.9013397
2018-08-05,314.0322319,1313.207911,1352.572945,278.9384491,1406.480462,826.960925,318.280133,2518.291868,965.0769293
2018-08-12,313.978295,1296.613897,1356.881079,282.418048,1402.484672,821.7696511,317.8679728,2504.707437,968.27731
2018-08-19,313.5606482,1322.092188,1330.861681,278.1476108,1397.084129,825.1621308,316.3218705,2491.213198,970.5145379
2018-08-26,309.8185757,1298.52079,1324.413137,277.4594506,1416.823884,815.0409196,312.6318995,2472.451373,965.4131866
2018-09-02,312.9336579,1315.968906,1344.438841,282.1311311,1401.187383,813.1736726,311.3056232,2500.876182,968.795878
2018-09-09,314.8300972,1321.508943,1344.818405,279.5801868,1398.614875,823.541934,309.7909225,2523.677117,972.2386877
2018-09-16,313.2395775,1363.778796,1325.630616,281.9839014,1355.155271,816.0439108,311.6479379,2488.563111,974.0884607
2018-09-23,315.5032175,1361.541304,1369.803984,289.2959959,1384.909142,819.111608,309.6205642,2496.007792,974.835464
2018-09-30,316.9855169,1376.505132,1334.518535,287.5840543,1383.810246,831.7547748,309.7108873,2499.10193,984.1247001
2018-10-07,316.6704599,1391.000617,1386.445501,286.7293837,1429.613912,837.0507101,309.5439549,2484.475609,962.1257051
2018-10-14,311.3755832,1334.036548,1311.312276,278.008537,1385.410176,837.1686578,309.2774816,2464.957275,960.0776783
2018-10-21,303.9721482,1266.844785,1229.801488,268.2178877,1326.385968,800.6650169,307.9637875,2446.257157,950.1489627
2018-10-28,303.5021246,1264.891259,1244.200451,267.3180491,1325.229057,791.8030511,308.0153073,2437.969344,965.9089153
2018-11-04,295.99709,1272.903841,1198.336859,255.8922622,1289.123637,789.3699533,307.7733706,2376.716598,961.138594
2018-11-11,293.9477258,1176.733351,1184.128743,260.7362318,1336.27421,780.7643657,306.771118,2360.701697,964.6662742
2018-11-18,292.5043448,1165.45893,1186.157838,259.4534397,1297.956581,778.9253926,306.6651906,2354.575565,966.9468681
2018-11-25,290.8669391,1187.382117,1212.64967,263.0626209,1321.727805,771.9735237,307.8029268,2336.49248,968.6576442
2018-12-02,286.8519722,1121.304055,1227.103253,264.8655956,1299.598966,761.6670989,309.6670514,2318.042481,968.3014165
2018-12-09,288.6202379,1198.422856,1277.061842,273.8106609,1331.75533,767.4018743,309.5738581,2307.916644,964.5207528
2018-12-16,286.7649915,1213.421906,1268.220664,277.3782922,1315.227649,764.2665012,310.6190129,2275.710508,967.5191917
2018-12-23,279.0568975,1237.020486,1626.820226,282.7876027,1324.294767,769.6601939,313.2104963,2022.6159,969.7179791
2018-12-30,277.5511752,1257.79789,1635.586019,282.9655864,1317.16452,777.096302,326.2658847,1948.055749,987.9283473
2019-01-06,275.0422798,1220.346072,1609.5682,281.2597211,1278.040646,750.1770167,327.2926152,1930.4976,987.8890479
2019-01-13,269.9833177,1192.792325,1595.145848,275.4654382,1218.533748,743.1215318,323.9123042,1939.345495,986.0287889
2019-01-20,270.2738775,1208.932689,1582.970806,278.3065101,1296.113183,744.0307783,322.3624098,1889.789326,990.3314212
2019-01-27,270.7824259,1274.272172,1584.704629,281.4391225,1343.409938,753.2681059,324.7698587,1835.313384,991.4696041
2019-02-03,271.3332089,1279.387406,1607.915625,287.0143774,1368.992278,756.3849339,326.6765274,1799.938589,978.0804988
2019-02-10,270.5910717,1264.747943,1610.639728,289.3610462,1381.524991,765.4945733,326.8782867,1786.224281,977.8052138
2019-02-17,267.6962224,1241.864625,1573.053002,288.0420378,1372.416866,762.1820498,327.6450344,1768.42985,973.0303396
2019-02-24,278.6056232,1287.617755,1589.349452,287.5429863,1413.397068,804.482439,325.3318893,1778.775959,967.9859427
2019-03-03,271.7330371,1307.457184,1654.80984,287.9743392,1442.101139,753.5318336,328.1688815,1788.076787,968.4914748
2019-03-10,268.4875691,1332.53415,1661.279909,281.09811,1432.705542,749.6065872,325.9918176,1760.055904,962.9249614
2019-03-17,262.3233653,1272.285675,1636.663506,276.3600854,1363.789943,729.7467821,317.8958738,1744.724467,951.4864824
2019-03-24,264.3834109,1307.119578,1677.764132,279.9229082,1398.694302,756.0034928,322.2989818,1735.273404,952.9329691
2019-03-31,264.7662503,1308.681142,1624.379752,279.0556327,1395.238419,744.3135397,322.1563792,1757.037737,946.7702883
2019-04-07,259.2065619,1289.486917,1607.087019,283.8968121,1347.999008,736.8175798,323.8439976,1707.315504,942.4736171
2019-04-14,263.8462238,1344.677358,1581.020481,288.3706415,1407.606221,762.2480728,330.5254454,1735.756007,940.6580006
2019-04-21,263.2681139,1364.057932,1605.332944,285.5639619,1417.976945,758.7294141,330.972059,1735.426347,938.8027111
2019-04-28,266.479877,1563.077098,1610.706465,282.3135375,1398.19726,746.4872727,329.7013825,1745.73322,931.7641233
2019-05-05,263.3906826,1541.532251,1583.183822,282.4565091,1357.534281,744.3566909,330.5697386,1724.376102,922.9320046
2019-05-12,265.2417107,1546.158181,1536.665503,282.5045223,1341.192293,749.5797292,333.076965,1736.230728,919.344376
2019-05-19,258.6551285,1491.569955,1481.154073,270.0389355,1284.919904,736.4095221,324.2165139,1686.052958,913.4544792
2019-05-26,253.4788189,1450.944186,1497.678075,273.4525821,1250.049516,723.2050907,322.8029465,1634.429929,905.9081146
2019-06-02,254.1823877,1448.969294,1473.623668,270.2773545,1220.4064,732.8672977,325.243107,1654.389276,911.5187804
2019-06-09,250.5402607,1284.217374,1492.697125,272.6971726,1211.043206,716.9056986,330.6481943,1655.01609,906.162333
2019-06-16,255.3557389,1309.959082,1475.193069,276.0007015,1212.705585,723.3053393,327.6357006,1689.332741,891.0378939
2019-06-23,259.5345586,1357.683719,1491.055208,286.6529373,1238.974873,728.1244926,332.4024896,1690.588106,902.4109025
2019-06-30,264.5866506,1368.982229,1496.381701,284.3545041,1254.124305,728.9287523,333.2122303,1731.366698,906.7699501
2019-07-07,267.2927238,1374.068705,1480.29895,282.5422489,1238.897263,730.4680118,331.7247772,1781.972697,906.3689352
2019-07-14,265.9466844,1366.610492,1467.793163,278.7298127,1274.459714,715.1826737,330.365875,1763.73547,901.8739964
2019-07-21,264.9364764,1351.106213,1433.112725,268.2865527,1246.417147,706.5492294,327.0358276,1808.52916,879.4136819
2019-07-28,267.0643688,1344.795162,1435.835161,262.105409,1270.540212,714.8059996,323.5597479,1837.358979,877.859746
2019-08-04,265.1152416,1346.047737,1409.74493,254.937696,1228.583591,699.0946179,317.510705,1857.544668,861.8543149
2019-08-11,254.1488152,1322.874861,1353.445478,249.7109666,1170.299841,672.4999199,314.3458064,1792.68663,826.9489438
2019-08-18,245.5688725,1316.037663,1308.779478,245.3925866,1124.988926,653.7820636,310.7290384,1737.236864,806.5977629
2019-08-25,245.2552873,1298.970057,1303.662679,241.5120742,1104.450315,627.5086153,310.1461482,1787.174575,793.6668696
2019-09-01,249.2564704,1299.012456,1301.865922,244.7167444,1156.452248,633.3797618,316.3543869,1796.040643,795.5831909
2019-09-08,254.0660604,1306.10389,1322.578775,246.0382078,1178.573085,637.8667609,317.5494779,1830.124961,785.1313602
2019-09-15,260.8891843,1305.661735,1318.935406,246.8577463,1166.228739,641.0092349,318.6857105,1926.607239,773.3142729
2019-09-22,269.8261912,1314.06326,1348.12551,253.0308709,1191.552549,662.7014476,321.423596,1983.716145,817.1847161
2019-09-29,277.9175469,1315.638941,1344.750444,259.8189907,1213.484619,668.8046409,321.7865746,2076.242369,810.7906124
2019-10-06,271.3184021,1315.735723,1353.133977,254.4256841,1166.577019,653.3407461,317.5948994,2042.796385,783.3760012
2019-10-13,264.6061275,1272.50746,1315.334911,249.9793873,1171.411294,636.8352305,314.6747421,2004.863272,756.1576336
2019-10-20,270.0335572,1266.108831,1320.768448,246.2081636,1210.716926,636.387137,313.8916677,2062.594158,774.521177
2019-10-27,273.5115234,1277.350099,1357.198552,251.3945972,1212.76259,640.542702,311.9584959,2083.149529,768.1735748
2019-11-03,282.0245893,1287.054671,1362.335341,246.1275776,1241.439997,642.2659642,312.6003875,2177.202583,772.3397492
2019-11-10,282.4967626,1308.287031,1378.177803,245.6316398,1248.573874,622.754095,304.0085986,2154.738266,780.3373483
2019-11-17,290.1601363,1326.130345,1364.203071,253.9316584,1287.124294,650.1233125,305.7925983,2143.73591,812.4900601
2019-11-24,295.9314226,1347.410882,1351.943415,250.6886453,1275.18916,649.3336504,303.8264691,2162.202893,802.2876627
2019-12-01,290.1448343,1487.098303,1310.516886,244.3713606,1217.797636,645.2877538,297.2953756,2070.399067,772.8351857
2019-12-08,282.9913627,1307.035441,1298.741264,241.0928053,1202.908574,644.2840142,300.4580335,2016.924737,795.7079802
2019-12-15,280.9838313,1312.86311,1284.39107,238.6163466,1183.106298,647.106198,296.9230515,1997.666662,811.1796199
2019-12-22,299.6915075,1339.31031,1279.574633,247.3006982,1235.350399,684.0960146,300.3697348,2140.477761,863.9084437
2019-12-29,308.4796435,1356.451092,1276.690558,245.6776276,1278.934152,681.4548644,301.7524746,2210.014623,877.4306569
2020-01-05,307.7445684,1346.46413,1264.600811,244.553857,1271.195037,666.9953124,301.1292564,2249.960226,852.1254636
2020-01-12,297.8852865,1322.94706,1260.128523,242.0704084,1254.475088,643.7157052,297.3932341,2206.895164,833.5079742
2020-01-19,302.3189936,1310.062274,1257.542659,231.3946903,1246.940674,622.3419214,297.5884045,2329.997335,829.0489256
2020-01-26,308.1139362,1335.979362,1261.282994,237.3079119,1281.676376,631.4802248,294.8914906,2396.941948,841.7072697
2020-02-02,306.1268705,1365.469995,1245.820358,232.0294876,1276.28089,624.4576542,289.9543937,2411.191712,831.9960505
2020-02-09,286.0154261,1291.675777,1230.115805,220.6265204,1218.752775,592.7597433,278.5074779,2309.236067,764.4560236
2020-02-16,300.1941742,1278.400629,1229.744759,226.3901832,1396.803767,601.7121651,285.7527919,2433.318001,828.5437891
2020-02-23,304.9831944,1293.797851,1233.00216,221.9225363,1421.519676,588.4512261,283.3341025,2505.53372,810.6696202
2020-03-01,296.0349289,1358.830947,1224.819424,212.863152,1364.552053,567.8628254,275.454672,2450.958795,787.584243
2020-03-08,265.7918758,1276.215872,1192.671503,204.0884242,1219.457226,537.3684516,266.5166518,2263.207333,717.6578453
2020-03-15,275.819842,1450.502345,1162.801824,206.1885298,1251.029505,519.8797344,268.4019462,2320.005049,694.6355925
2020-03-22,233.5124797,1297.795993,1156.617748,180.8161288,1013.011172,444.2303038,227.0252984,2100.486282,585.1005618
2020-03-29,201.6500078,1170.077839,1149.015937,160.7868237,807.4577073,384.1305525,207.4926221,1951.749124,404.0528736
2020-04-05,226.2973021,1256.686697,1145.109502,173.0452833,1019.407111,432.4987109,219.4225937,2071.789915,540.9837983
2020-04-12,220.4133685,1060.465085,1148.601757,180.1298902,1082.183446,406.502974,222.6998038,2023.73585,535.4971358
2020-04-19,248.7211506,1172.896697,1139.387291,192.4338757,1283.056846,442.8284118,264.5858551,2144.206108,654.0238169
2020-04-26,257.6970494,1176.533601,1138.176027,196.8484475,1389.320632,436.9502287,265.7492969,2210.583311,689.3057584
2020-05-03,254.7297479,1154.618664,1136.624103,198.1949265,1362.573743,416.4485306,270.0115353,2155.840449,654.226593
2020-05-10,267.6264464,1226.292075,1133.563385,206.7185377,1553.481391,457.6318748,294.644541,2190.468937,776.0939516
2020-05-17,264.7020543,1220.561294,1136.825874,204.7102919,1638.906305,450.5215513,288.460322,2162.805897,710.9558524
2020-05-24,261.2336735,1192.586391,1143.957612,199.9461153,1626.870618,441.423416,283.5274917,2133.772786,628.3338241
2020-05-31,268.9279351,1246.250685,1163.258332,204.718107,1863.131288,441.9706939,276.88683,2152.732001,649.5488824
2020-06-07,280.8107963,1298.066753,1164.07357,213.5310426,2041.815143,468.1247898,300.5571251,2210.336113,716.0236492
2020-06-14,304.7977709,1390.118564,1174.412727,224.0786315,2044.843083,529.0317713,323.0228491,2318.462272,802.8120394
2020-06-21,295.3297944,1384.838104,1177.871979,237.2441325,2018.831219,486.7210325,312.4667078,2237.160583,725.6627474
2020-06-28,297.7354669,1360.946112,1177.661721,240.6362178,2155.797921,482.6849822,320.7601604,2248.666084,722.619924
2020-07-05,297.8973209,1358.652397,1176.201055,236.8349249,2170.952227,462.2951987,312.8640032,2240.783636,652.685682
2020-07-12,300.0914351,1494.839606,1163.662119,245.8910076,1999.0918,461.559968,295.9341917,2227.102185,657.5140146
2020-07-19,295.7765424,1333.575338,1152.3214,245.0898583,2048.687113,445.8321398,292.4444282,2203.92834,669.1938912
2020-07-26,304.0348899,1446.856915,1147.870347,249.8743659,2003.443529,475.7694524,296.0724013,2240.927471,712.2604838
2020-08-02,301.140118,1398.52344,1150.440839,239.1474215,2050.646993,477.0159146,302.9909629,2239.869761,792.5393976
2020-08-09,312.8929608,1437.171232,1155.57631,240.3302395,2152.708134,481.9782945,307.925915,2317.657587,825.0383126
2020-08-16,325.1307936,1493.13335,1158.692905,254.5877469,2468.703458,496.643016,328.3990836,2311.161876,833.8701148
2020-08-23,333.4626054,1620.111862,1209.411976,257.0163472,2373.112497,546.3246891,350.5124334,2308.183503,876.071499
2020-08-30,317.6376684,1538.245547,1210.366129,233.6933422,2269.589215,513.1083924,320.8658976,2245.324103,781.7735582
2020-09-06,325.0205953,1576.406995,1206.69235,239.5995619,2423.738859,524.6200556,317.1181153,2254.085379,743.355025
2020-09-13,319.7048213,1547.577497,1210.615427,241.6100618,2222.781953,522.1355775,294.5065745,2233.854982,696.0714179
2020-09-20,329.0542565,1548.808693,1214.222945,237.1362338,2153.200499,527.6659575,309.991443,2300.59762,703.4273016
2020-09-27,330.0117246,1601.387288,1216.069873,238.0183414,2053.221191,526.9199182,308.0388133,2307.241323,718.1049677
2020-10-04,312.0574941,1521.192371,1216.801538,219.0391835,1858.455091,513.9306632,314.2109694,2266.132712,673.7526073
2020-10-11,318.9028739,1569.11794,1232.244332,226.0249361,1910.350121,521.5974534,325.3085365,2276.148529,688.3546808
2020-10-18,320.0847383,1566.879565,1239.339771,228.3766639,1954.744784,539.492996,315.8346801,2282.59685,711.1169072
2020-10-25,309.4828105,1518.594023,1214.566625,225.4480491,1832.118758,530.3864124,300.4369657,2259.198027,696.4165994
2020-11-01,312.254058,1531.511112,1215.846786,234.1048784,1830.784233,579.4065057,310.4603323,2261.898081,755.0235509
2020-11-08,298.193458,1479.225038,1199.475171,228.4741829,1721.688673,558.061135,295.7339189,2202.015382,653.5744536
2020-11-15,317.1421942,1493.47475,1204.737997,236.005138,1859.161077,580.7202075,295.9981634,2271.576782,723.9540199
2020-11-22,328.3702428,1555.687572,1192.713218,258.8896169,1821.262443,604.3881373,316.8445984,2323.145899,741.3414871
2020-11-29,336.1038142,1558.011158,1183.613259,264.1430951,1847.213132,624.2364782,327.3670846,2363.198261,739.0856892
2020-12-06,348.1507263,1564.696042,1179.584527,274.5610412,1973.985805,634.0439965,343.8915738,2431.847232,740.692936
2020-12-13,358.9968138,1582.306197,1183.520171,289.0359666,1921.370662,636.8221628,323.1772031,2502.550192,803.888403
2020-12-20,367.0812391,1604.471917,1190.93391,307.8732877,1938.448198,650.8352672,345.2925263,2549.862047,896.6186939
2020-12-27,363.654634,1581.845736,1188.395418,304.4348219,1876.744314,640.0491862,346.7792815,2545.85264,865.5317359
2021-01-03,370.2695076,1589.497776,1187.155806,298.7598831,1856.173429,648.7304162,337.269233,2636.225805,862.6846147
2021-01-10,379.3027613,1591.858314,1185.617527,300.6608207,1846.135418,626.4831365,329.5754662,2737.645179,857.6249217
2021-01-17,411.1672516,1762.803064,1196.334504,330.6518675,2047.508697,653.0253851,342.6910806,2934.95804,937.5969728
2021-01-24,398.1158467,1716.280416,1176.80371,328.7203547,1896.508461,646.8726207,330.2898253,2878.533141,862.4364028
2021-01-31,402.2369385,1805.553179,1179.935955,343.411967,1901.551461,631.6105373,327.1285055,2895.810377,810.8113978
2021-02-07,382.7269573,1613.618628,1176.339431,323.105977,1803.125158,590.8289895,299.1994399,2773.458484,753.0742972
2021-02-14,403.5836726,1720.671608,1192.837971,359.0684696,2009.432388,618.6672363,323.4607895,2802.537018,799.1774956
2021-02-21,389.5938736,1646.733724,1197.699828,365.0300592,1909.859761,637.9380941,315.4102843,2774.314519,805.3479308
2021-02-28,390.147751,1606.194825,1183.082316,375.7353367,1890.378495,638.2855849,313.7903828,2807.638814,791.2013138
2021-03-07,375.8873254,1533.962079,1128.75589,356.7848693,1745.728009,634.745805,316.3566021,2779.396756,814.4993048
2021-03-14,374.5866822,1529.141247,1155.492019,354.6618595,1730.512952,654.7029957,316.5852753,2736.11709,870.9424542
2021-03-21,378.1299756,1544.187848,1156.063626,362.6300686,1665.217578,673.0107773,346.2023037,2747.292497,848.1190123
2021-03-28,374.5017107,1553.516598,1160.469234,360.908592,1565.6964,671.698241,342.834573,2717.775503,850.960411
2021-04-04,374.0167623,1516.10383,1161.44876,363.6819964,1504.66117,674.8203432,369.6716313,2687.723108,898.4032225
2021-04-11,378.6730295,1576.051823,1176.940351,375.1495342,1485.737923,680.8949082,357.5858822,2728.737348,904.3022614
2021-04-18,383.3265246,1619.875141,1170.721308,395.2838953,1480.074543,690.5908135,374.4965516,2705.584538,931.9821098
2021-04-25,388.1853867,1663.617713,1156.476318,407.5171368,1522.834464,695.6287382,382.0921408,2714.373101,958.5636538
2021-05-02,385.0940429,1619.923762,1093.412635,410.3801038,1525.124071,704.1035048,380.8299659,2700.865822,1027.377122
2021-05-09,372.7232834,1583.50491,1079.816207,394.2464301,1551.683698,729.0914613,391.9448765,2660.972748,1107.046664
2021-05-16,375.6872493,1603.669649,1191.281019,399.5533004,1587.69448,749.328228,427.4972135,2663.476961,1143.095014
2021-05-23,364.6435395,1574.597875,1192.500703,395.5153782,1559.283927,751.0522027,397.9379208,2611.919458,1128.074123
2021-05-30,363.5183922,1554.789994,1093.23748,395.8630314,1580.184147,736.1910821,387.6182627,2625.957887,1106.612259
2021-06-06,363.1346873,1520.058049,1107.437666,401.3986646,1587.396278,749.3489274,413.4501441,2622.355079,1099.284533
2021-06-13,366.4821077,1544.625098,1119.299534,405.6738211,1597.150007,755.4403101,435.8455745,2653.460309,1084.421881
2021-06-20,369.9511812,1428.871536,1142.211992,405.4809815,1643.921725,744.098745,396.9772533,2641.737138,1104.879053
2021-06-27,370.3450582,1413.727514,1134.722118,409.7921026,1647.709887,741.5026048,388.6184651,2649.321171,1099.865963
2021-07-04,376.1253195,1421.667652,1116.919219,409.1444067,1692.186427,754.4225408,404.0185111,2693.152128,1132.239791
2021-07-11,374.1895773,1382.256839,1125.450806,409.8031084,1714.327288,739.986712,394.2790838,2671.839784,1158.410693
2021-07-18,367.1575886,1282.23132,1114.452745,403.8182707,1732.673504,718.513112,370.3956049,2658.761156,1169.539076
2021-07-25,380.5001151,1282.593049,1096.618539,406.9304182,1752.47173,733.922858,557.9853526,2683.936594,1183.415699
2021-08-01,380.9263044,1235.543109,1074.722031,399.896773,1766.698579,738.4219495,658.475992,2683.699265,1257.187194
2021-08-08,375.5129436,1196.866216,1073.613979,394.9845065,1786.248498,735.9620556,554.0090068,2668.638463,1315.0508
2021-08-15,381.2774018,1196.821544,1092.469459,394.2382506,1788.402385,742.0091066,543.4573281,2748.484691,1286.964618
2021-08-22,373.0553584,1158.415714,1092.038478,380.4956735,1789.04371,744.933715,522.2534772,2618.673353,1285.697602
2021-08-29,363.7491276,1095.154552,1054.954625,356.3864824,1774.531255,720.6703175,532.3566166,2587.841895,1270.885602
